customer_id,age,income_bracket,region,segment,total_orders,total_spend,loyalty_years,churn_risk,satisfaction_score
CUST-0000,28,High,South,Retail,9,34794.57,1.1,0.649,2.8
CUST-0001,36,Medium,South,Enterprise,11,25651.96,4.4,0.576,2.2
CUST-0002,39,Very High,East,Enterprise,35,31200.42,1.8,0.406,4.1
CUST-0003,67,Low,East,Online,49,39574.16,2.6,0.539,1.4
CUST-0004,68,Medium,South,Online,44,27496.9,5.9,0.871,2.8
CUST-0005,66,Medium,South,Retail,37,48870.98,4.0,0.864,3.4
CUST-0006,69,Medium,North,Enterprise,46,12160.65,8.7,0.773,4.9
CUST-0007,39,Very High,Central,SMB,17,46024.57,2.3,0.414,1.4
CUST-0008,66,Very High,North,Retail,26,12759.16,10.0,0.786,1.5
CUST-0009,64,Very High,East,SMB,4,26816.41,3.6,0.388,5.0
CUST-0010,33,High,East,Enterprise,33,23067.39,5.2,0.664,2.6
CUST-0011,34,Low,East,Retail,17,18957.72,1.3,0.567,4.0
CUST-0012,57,High,Central,SMB,42,48155.37,5.8,0.3,4.1
CUST-0013,24,Low,West,Retail,8,13978.93,9.6,0.453,2.3
CUST-0014,48,Medium,East,Online,26,33906.02,7.5,0.83,1.9
CUST-0015,21,Very High,East,Online,43,40301.39,2.4,0.913,2.1
CUST-0016,46,Very High,North,SMB,20,10251.84,4.4,0.205,4.1
CUST-0017,24,Very High,North,Online,42,48671.07,4.3,0.456,4.4
CUST-0018,60,Medium,West,Online,38,27558.7,1.0,0.434,3.8
CUST-0019,47,Low,West,SMB,43,45767.29,8.9,0.489,2.8
CUST-0020,20,High,West,Retail,48,33362.11,3.8,0.977,2.1
CUST-0021,42,High,West,SMB,42,32646.63,4.9,0.519,2.7
CUST-0022,51,Medium,North,Online,33,17606.51,2.9,0.83,4.7
CUST-0023,50,Low,East,Retail,40,38644.21,1.5,0.664,4.5
CUST-0024,48,Very High,North,Online,17,1974.42,9.0,0.107,2.3
CUST-0025,41,Low,South,Enterprise,9,28013.11,0.4,0.696,2.3
CUST-0026,55,Low,South,SMB,20,2090.88,4.0,0.647,4.1
CUST-0027,63,Very High,East,SMB,8,15690.16,7.3,0.758,2.7
CUST-0028,21,Low,West,SMB,41,5266.64,3.1,0.074,3.3
CUST-0029,65,Medium,East,SMB,48,45623.76,4.5,0.241,2.7
CUST-0030,27,High,South,Enterprise,46,31598.89,5.6,0.769,2.0
CUST-0031,42,Medium,East,Retail,6,33591.28,10.0,0.371,1.8
CUST-0032,54,Low,West,Retail,9,42630.86,7.6,0.911,1.6
CUST-0033,60,Very High,North,Retail,11,36785.11,9.7,0.518,1.0
CUST-0034,18,High,West,Enterprise,47,6647.68,6.9,0.001,2.1
CUST-0035,34,Medium,North,Enterprise,47,31068.15,2.7,0.699,1.7
CUST-0036,63,Low,South,Retail,5,48919.45,2.9,0.513,2.0
CUST-0037,24,Very High,Central,Retail,8,11098.74,8.2,0.317,1.3
CUST-0038,31,Medium,East,Enterprise,35,31175.84,4.3,0.02,2.4
CUST-0039,18,Low,Central,Online,25,28398.91,3.7,0.199,3.1
CUST-0040,23,Very High,West,Enterprise,36,19886.48,9.5,0.162,4.8
CUST-0041,56,Medium,North,SMB,39,47754.45,0.1,0.583,2.4
CUST-0042,60,Very High,West,Retail,49,18141.82,5.2,0.77,1.1
CUST-0043,27,Medium,West,Online,44,5137.18,7.8,0.235,2.4
CUST-0044,38,Medium,South,Retail,6,48145.88,7.4,0.698,4.3
CUST-0045,20,Low,West,Online,24,36596.4,3.7,0.9,2.4
CUST-0046,36,High,East,Retail,21,17451.27,5.4,0.622,2.2
CUST-0047,45,High,South,Retail,36,14385.33,0.1,0.776,4.7
CUST-0048,19,Very High,Central,Retail,18,46437.32,5.3,0.204,2.2
CUST-0049,44,Very High,West,SMB,48,14040.72,5.9,0.075,4.9
CUST-0050,61,Very High,Central,Enterprise,1,27089.3,8.7,0.365,4.3
CUST-0051,49,Very High,East,Online,29,11140.28,2.1,0.709,3.7
CUST-0052,29,Very High,East,SMB,17,49763.12,8.3,0.686,3.4
CUST-0053,18,Low,East,SMB,5,38590.68,7.2,0.955,1.9
CUST-0054,63,Very High,Central,Retail,6,28597.93,6.7,0.63,3.9
CUST-0055,60,High,Central,Online,45,37418.41,3.9,0.411,2.4
CUST-0056,57,High,North,Online,8,45860.21,3.7,0.797,2.9
CUST-0057,46,Medium,South,Online,25,48174.65,7.0,0.153,1.4
CUST-0058,26,Medium,West,Online,19,39407.93,9.9,0.813,2.2
CUST-0059,35,Low,South,Online,48,42528.77,4.1,0.366,3.1
CUST-0060,62,Low,East,SMB,39,20190.8,9.2,0.154,2.9
CUST-0061,53,Very High,West,Online,9,19895.24,5.9,0.162,2.4
CUST-0062,33,Medium,North,SMB,28,40510.68,8.7,0.984,2.9
CUST-0063,52,Low,South,Online,31,38101.44,2.2,0.623,4.0
CUST-0064,53,Low,East,Retail,1,45098.59,7.6,0.174,2.8
CUST-0065,21,High,West,SMB,41,7083.98,8.3,0.269,3.0
CUST-0066,57,Low,West,SMB,10,34695.25,8.3,0.372,3.8
CUST-0067,60,Low,East,Online,22,32558.59,7.8,0.056,4.4
CUST-0068,52,Medium,Central,Online,1,40026.73,3.0,0.108,3.1
CUST-0069,36,Very High,South,Enterprise,13,1715.34,5.2,0.762,4.8
CUST-0070,23,Very High,West,Retail,14,41399.5,3.0,0.787,2.4
CUST-0071,48,Low,Central,Retail,23,16658.12,3.4,0.988,2.0
CUST-0072,44,Medium,North,SMB,39,34512.55,3.0,0.068,3.8
CUST-0073,20,Very High,West,Retail,28,31019.7,2.8,0.889,1.7
CUST-0074,53,Very High,West,Enterprise,29,22289.82,6.9,0.317,4.6
CUST-0075,53,Low,North,Online,40,37428.36,6.5,0.328,2.5
CUST-0076,19,Very High,North,Online,33,48080.34,2.0,0.127,3.8
CUST-0077,65,Very High,West,Online,2,16512.01,6.9,0.986,3.3
CUST-0078,54,High,East,SMB,43,37547.58,2.9,0.981,1.2
CUST-0079,32,Medium,North,Enterprise,33,16069.58,2.0,0.865,3.8
CUST-0080,54,Low,Central,SMB,24,42359.83,7.5,0.091,4.2
CUST-0081,40,Low,North,SMB,12,22145.02,3.6,0.842,4.9
CUST-0082,61,High,West,Retail,40,22738.65,5.7,0.635,2.7
CUST-0083,68,Low,West,Retail,28,38708.09,2.0,0.129,3.0
CUST-0084,64,High,South,SMB,35,25060.4,6.1,0.262,4.5
CUST-0085,23,Medium,Central,Enterprise,10,13698.91,2.1,0.689,2.1
CUST-0086,50,Very High,South,SMB,47,49779.08,1.7,0.803,1.8
CUST-0087,22,Very High,North,SMB,44,31201.16,3.9,0.848,1.5
CUST-0088,38,Medium,South,SMB,34,32434.9,7.9,0.544,4.9
CUST-0089,45,Low,West,Online,5,32505.8,1.8,0.535,2.1
CUST-0090,38,Medium,East,Online,41,44226.27,1.2,0.684,4.0
CUST-0091,41,Very High,North,Enterprise,18,9601.66,0.3,0.778,2.8
CUST-0092,68,High,West,Retail,6,3428.0,4.2,0.171,2.0
CUST-0093,45,High,North,Retail,11,19641.68,2.8,0.74,4.7
CUST-0094,28,Low,South,Enterprise,46,28462.81,2.9,0.342,2.9
CUST-0095,39,Very High,South,Retail,1,14642.63,9.8,0.384,3.3
CUST-0096,63,High,North,SMB,23,34615.75,1.9,0.078,1.9
CUST-0097,63,High,North,Online,4,4158.84,4.6,0.588,2.3
CUST-0098,51,High,South,Online,7,39640.12,9.9,0.093,4.0
CUST-0099,54,Low,North,Retail,41,36045.26,0.3,0.913,2.4
CUST-0100,58,Very High,South,Retail,49,11090.27,7.0,0.621,3.0
CUST-0101,34,Medium,North,Enterprise,17,15273.48,3.7,0.99,1.5
CUST-0102,68,High,East,Enterprise,11,40446.6,9.1,0.246,4.4
CUST-0103,32,Medium,North,SMB,27,38780.22,9.1,0.68,4.0
CUST-0104,46,Medium,North,SMB,12,40781.42,3.9,0.964,4.0
CUST-0105,51,Low,West,Retail,47,16451.02,2.2,0.299,1.7
CUST-0106,58,Low,East,Enterprise,34,48493.77,4.3,0.096,3.0
CUST-0107,60,Medium,South,Online,8,35909.24,9.7,0.634,1.1
CUST-0108,39,Low,South,Enterprise,23,3727.44,2.8,0.366,2.3
CUST-0109,44,Medium,Central,SMB,26,24147.88,9.8,0.273,2.4
CUST-0110,55,High,East,Retail,34,33395.08,8.2,0.994,4.7
CUST-0111,32,Very High,East,Retail,32,8848.18,2.7,0.754,5.0
CUST-0112,38,Medium,North,Enterprise,6,45137.56,7.9,0.485,3.5
CUST-0113,69,Very High,West,Enterprise,1,37828.38,0.5,0.05,3.1
CUST-0114,21,Medium,South,Enterprise,4,4530.87,5.5,0.192,2.8
CUST-0115,64,High,South,Enterprise,25,45703.31,3.6,0.299,1.1
CUST-0116,35,Low,West,SMB,8,20516.3,4.3,0.487,4.2
CUST-0117,24,Medium,West,SMB,40,22897.24,4.7,0.497,3.7
CUST-0118,33,Low,East,Enterprise,46,39263.85,5.0,0.025,3.6
CUST-0119,52,High,West,Retail,20,32377.89,6.6,0.943,4.2
CUST-0120,29,Very High,West,Online,14,22157.67,7.0,0.543,4.7
CUST-0121,24,Medium,North,Online,33,13351.42,9.8,0.02,2.6
CUST-0122,58,Medium,East,SMB,3,26086.34,7.6,0.701,2.7
CUST-0123,27,Very High,Central,Enterprise,15,29169.4,6.9,0.071,4.9
CUST-0124,18,Medium,Central,Enterprise,27,31731.15,3.9,0.721,3.7
CUST-0125,29,Medium,South,Online,19,30450.63,1.2,0.701,4.4
CUST-0126,44,Very High,West,Retail,1,31056.52,0.6,0.985,1.9
CUST-0127,45,Low,North,Online,35,24049.01,4.8,0.342,2.3
CUST-0128,35,Low,West,Retail,33,28313.45,6.7,0.144,2.6
CUST-0129,18,Very High,South,Online,17,14787.59,6.5,0.092,2.3
CUST-0130,67,High,West,Enterprise,13,8339.56,9.5,0.072,4.5
CUST-0131,40,Very High,Central,SMB,48,30543.32,3.8,0.81,3.0
CUST-0132,56,Very High,East,SMB,12,2826.44,6.3,0.719,4.8
CUST-0133,34,Low,West,Retail,39,3727.74,8.9,0.976,2.3
CUST-0134,62,Medium,Central,SMB,26,12742.14,4.0,0.309,1.1
CUST-0135,59,High,Central,SMB,27,10119.19,4.8,0.803,1.6
CUST-0136,63,Medium,South,SMB,24,19018.6,9.2,0.093,1.9
CUST-0137,18,Medium,East,Online,17,18878.8,5.5,0.904,3.6
CUST-0138,55,High,South,Enterprise,11,6284.35,8.0,0.052,1.7
CUST-0139,21,Very High,North,Online,22,12701.9,9.4,0.788,2.5
CUST-0140,68,Very High,East,Enterprise,8,726.17,5.7,0.307,4.2
CUST-0141,32,Medium,North,SMB,42,17872.71,1.1,0.181,1.5
CUST-0142,38,Medium,East,Online,48,39923.54,8.2,0.705,1.3
CUST-0143,38,High,Central,Enterprise,32,13674.92,8.2,0.896,3.2
CUST-0144,68,Low,North,Online,29,32345.73,1.1,0.764,3.8
CUST-0145,39,High,East,Retail,42,5363.63,5.5,0.313,4.6
CUST-0146,61,High,East,Online,32,1108.09,4.9,0.354,3.6
CUST-0147,31,High,North,SMB,40,25170.63,8.5,0.189,4.8
CUST-0148,52,Low,East,Online,5,23343.46,2.7,0.824,2.0
CUST-0149,21,Very High,South,SMB,49,9980.2,4.3,0.107,2.4
CUST-0150,52,High,South,Retail,13,14685.96,6.0,0.903,4.4
CUST-0151,49,Low,North,SMB,25,2018.23,5.2,0.601,4.2
CUST-0152,45,Medium,Central,SMB,42,39991.09,9.6,0.589,3.7
CUST-0153,29,High,West,SMB,10,15413.49,9.6,0.838,3.0
CUST-0154,47,Medium,North,Online,26,11363.09,0.8,0.668,1.1
CUST-0155,26,Medium,North,Retail,26,40330.56,3.0,0.304,2.1
CUST-0156,36,Low,North,Online,21,2444.05,0.1,0.35,1.6
CUST-0157,33,Medium,North,Enterprise,23,14584.03,4.2,0.173,1.2
CUST-0158,47,Medium,South,Online,44,13506.25,6.6,0.464,4.1
CUST-0159,18,High,North,Enterprise,12,13517.14,4.7,0.11,1.5
CUST-0160,63,Medium,Central,SMB,39,1069.04,0.7,0.653,2.4
CUST-0161,62,High,West,Enterprise,43,46766.25,2.0,0.169,4.9
CUST-0162,40,Medium,West,SMB,25,43275.19,1.7,0.864,2.6
CUST-0163,29,Very High,Central,Retail,12,21017.41,5.1,0.7,1.6
CUST-0164,22,Very High,North,Retail,36,22549.03,6.8,0.892,3.8
CUST-0165,37,Low,West,SMB,32,26445.64,3.2,0.087,4.2
CUST-0166,20,Medium,South,SMB,18,24176.64,1.3,0.799,2.1
CUST-0167,19,Low,West,SMB,42,39067.12,8.0,0.881,4.2
CUST-0168,60,High,Central,Enterprise,20,24676.79,8.6,0.045,2.1
CUST-0169,37,High,West,Retail,2,9846.82,2.8,0.999,3.8
CUST-0170,19,Medium,Central,SMB,33,6290.11,4.2,0.301,1.5
CUST-0171,65,Medium,North,Enterprise,46,45954.44,0.8,0.212,2.7
CUST-0172,57,Very High,West,SMB,17,2894.94,2.3,0.415,3.1
CUST-0173,52,High,Central,Retail,36,44929.25,7.7,0.009,3.9
CUST-0174,21,High,South,Online,30,34678.72,3.7,0.886,3.6
CUST-0175,53,High,South,Retail,9,20532.88,6.0,0.268,4.4
CUST-0176,57,Low,East,Online,31,9765.33,9.5,0.522,1.7
CUST-0177,23,Medium,West,Retail,39,15868.87,7.2,0.624,3.6
CUST-0178,31,High,North,SMB,21,26728.75,4.5,0.791,1.5
CUST-0179,32,High,East,Retail,22,33014.12,3.7,0.25,2.9
CUST-0180,66,Medium,West,SMB,17,34727.89,1.9,0.717,3.1
CUST-0181,54,Medium,South,Enterprise,3,22641.04,7.6,0.118,1.1
CUST-0182,50,Low,North,Online,32,19011.72,1.1,0.704,1.3
CUST-0183,61,Very High,South,Online,33,38531.72,0.6,0.919,4.4
CUST-0184,36,High,West,Enterprise,10,46307.97,1.0,0.085,2.1
CUST-0185,29,Very High,North,Online,5,45766.02,2.4,0.117,2.4
CUST-0186,60,Medium,North,Enterprise,4,27805.23,6.3,0.557,3.6
CUST-0187,26,Very High,East,SMB,38,4411.51,8.6,0.046,1.9
CUST-0188,36,Low,North,Retail,32,4127.85,9.9,0.187,1.8
CUST-0189,49,Very High,West,Online,38,20436.41,7.3,0.19,2.7
CUST-0190,45,High,Central,Retail,41,36776.25,1.5,0.481,1.2
CUST-0191,45,Low,Central,SMB,20,25118.53,2.8,0.248,4.7
CUST-0192,48,Medium,North,Online,9,31554.43,1.3,0.476,4.8
CUST-0193,53,Low,Central,Enterprise,15,42244.29,1.2,0.521,2.8
CUST-0194,30,High,West,Enterprise,8,2496.61,5.7,0.731,1.8
CUST-0195,59,Medium,East,Online,34,46228.92,9.1,0.946,2.9
CUST-0196,50,Very High,South,SMB,30,16879.42,6.8,0.504,1.4
CUST-0197,59,High,South,Retail,10,2815.97,8.0,0.355,2.6
CUST-0198,35,Low,West,Retail,14,41853.71,5.1,0.259,1.3
CUST-0199,46,Low,East,Retail,34,46740.62,4.8,0.635,3.8
CUST-0200,62,Low,West,Online,22,38546.79,9.4,0.943,2.1
CUST-0201,56,Medium,North,Retail,13,40323.51,7.2,0.765,3.1
CUST-0202,25,Low,East,Enterprise,29,43629.76,4.6,0.206,1.1
CUST-0203,66,Medium,Central,Retail,29,26356.99,3.3,0.893,3.1
CUST-0204,39,Low,North,SMB,7,34182.91,0.9,0.736,1.0
CUST-0205,18,Low,Central,Retail,44,14679.35,8.2,0.128,4.7
CUST-0206,65,Medium,North,Enterprise,6,12860.18,1.7,0.713,3.0
CUST-0207,48,Medium,North,Retail,35,30642.66,5.2,0.289,1.4
CUST-0208,37,Medium,North,Retail,37,36863.08,6.4,0.491,2.4
CUST-0209,53,High,North,Online,4,20158.46,7.4,0.3,1.2
CUST-0210,40,Very High,East,SMB,14,20314.41,0.8,0.084,3.1
CUST-0211,34,Low,East,Retail,6,47734.56,0.1,0.769,1.5
CUST-0212,62,High,North,Retail,17,26163.79,7.1,0.829,2.9
CUST-0213,27,Very High,West,Online,49,49321.07,4.5,0.232,2.2
CUST-0214,26,Low,North,SMB,24,43210.71,1.8,0.24,4.0
CUST-0215,63,Low,North,SMB,13,32163.05,9.8,0.43,2.9
CUST-0216,34,Low,West,Online,12,952.21,7.9,0.811,4.4
CUST-0217,20,Very High,West,SMB,29,15148.3,5.8,0.077,4.8
CUST-0218,50,Low,North,SMB,24,21173.37,7.0,0.809,4.9
CUST-0219,18,High,South,Enterprise,34,32814.34,1.6,0.923,2.0
CUST-0220,37,Low,South,Retail,14,20078.39,9.6,0.562,4.1
CUST-0221,19,High,West,Retail,27,41477.28,10.0,0.06,2.8
CUST-0222,33,Medium,North,Enterprise,5,33313.81,6.5,0.27,2.7
CUST-0223,26,Very High,Central,SMB,40,17684.42,6.7,0.111,4.5
CUST-0224,31,High,Central,Retail,47,39329.49,7.0,0.259,1.6
CUST-0225,18,Low,North,SMB,9,15502.97,6.7,0.812,2.9
CUST-0226,52,High,North,SMB,16,3607.94,4.4,0.056,3.4
CUST-0227,35,High,North,Online,13,9041.54,5.4,0.284,1.3
CUST-0228,18,Medium,Central,Enterprise,15,635.65,2.8,0.517,4.5
CUST-0229,60,Very High,Central,Online,36,41701.34,4.5,0.874,2.3
CUST-0230,22,Medium,West,Enterprise,25,31541.87,4.4,0.25,3.6
CUST-0231,28,Very High,East,SMB,16,28743.18,2.9,0.778,4.7
CUST-0232,55,Medium,West,Retail,44,33271.39,7.9,0.584,3.9
CUST-0233,41,Very High,West,SMB,44,32853.12,4.1,0.676,4.5
CUST-0234,56,Low,South,Retail,31,28492.25,5.5,0.862,1.3
CUST-0235,62,High,West,SMB,47,42199.3,1.6,0.026,3.0
CUST-0236,49,High,West,SMB,37,22326.88,4.7,0.53,3.3
CUST-0237,33,Medium,West,Retail,33,40338.07,7.6,0.747,3.8
CUST-0238,20,Low,West,Online,20,39438.37,4.4,0.885,1.5
CUST-0239,64,Low,East,Enterprise,26,10375.49,5.6,0.133,3.6
CUST-0240,25,Low,South,Enterprise,35,22961.29,7.0,0.341,1.6
CUST-0241,49,Medium,Central,SMB,40,41829.15,3.9,0.079,1.3
CUST-0242,39,Very High,North,Retail,7,41627.33,3.5,0.835,2.9
CUST-0243,69,Low,Central,Enterprise,45,1688.32,0.9,0.857,3.4
CUST-0244,65,Low,South,Retail,42,11540.98,5.8,0.484,4.8
CUST-0245,34,Very High,West,Online,31,21481.78,7.1,0.021,3.8
CUST-0246,44,Very High,Central,Online,17,2834.14,5.8,0.102,3.4
CUST-0247,62,Low,West,Enterprise,43,13400.92,2.8,0.624,1.9
CUST-0248,20,Medium,East,Retail,8,13285.84,2.6,0.983,1.6
CUST-0249,43,Medium,East,SMB,23,11121.13,1.6,0.839,3.4
CUST-0250,52,High,South,Online,47,20134.62,0.5,0.798,1.9
CUST-0251,30,High,Central,Retail,44,40744.03,4.3,0.418,3.8
CUST-0252,34,High,East,SMB,18,12583.63,1.6,0.985,1.5
CUST-0253,47,Medium,South,Enterprise,42,29312.33,6.9,0.825,2.4
CUST-0254,46,High,South,Retail,12,28100.11,9.6,0.336,4.1
CUST-0255,31,Low,South,Online,30,40987.24,0.7,0.748,4.3
CUST-0256,47,Medium,Central,Enterprise,36,20002.97,8.9,0.433,2.4
CUST-0257,54,Medium,Central,Enterprise,15,11566.65,6.6,0.66,1.8
CUST-0258,61,High,South,SMB,18,44630.27,8.6,0.97,4.8
CUST-0259,65,Low,North,Online,25,41730.88,1.5,0.246,4.0
CUST-0260,55,Low,Central,Online,13,31264.43,9.1,0.795,4.2
CUST-0261,26,Medium,Central,Retail,24,5115.35,9.6,0.59,1.9
CUST-0262,65,Medium,North,SMB,17,1297.83,9.1,0.95,2.7
CUST-0263,49,High,Central,Retail,1,9539.92,7.9,0.134,1.3
CUST-0264,21,Low,Central,Enterprise,37,10233.61,0.9,0.72,1.4
CUST-0265,23,Medium,East,Enterprise,49,7244.25,2.2,0.037,1.9
CUST-0266,68,Very High,North,Retail,27,13477.98,9.1,0.247,2.2
CUST-0267,18,Low,East,Online,20,17225.48,2.3,0.321,5.0
CUST-0268,42,Very High,North,Online,18,37844.7,3.5,0.432,2.7
CUST-0269,57,Medium,North,Enterprise,9,35621.35,0.5,0.965,3.8
CUST-0270,55,High,North,Enterprise,10,5666.78,6.3,0.068,4.6
CUST-0271,20,Medium,Central,SMB,25,48866.8,5.6,0.169,2.0
CUST-0272,38,Medium,South,Enterprise,49,37730.89,9.6,0.203,1.6
CUST-0273,31,Very High,West,Enterprise,1,8589.95,8.9,0.424,2.0
CUST-0274,47,Medium,South,Enterprise,36,6662.58,5.1,0.061,4.5
CUST-0275,19,High,Central,Retail,18,4833.57,6.1,0.965,3.7
CUST-0276,65,Very High,Central,Enterprise,47,36723.54,4.1,0.56,2.8
CUST-0277,39,Very High,West,SMB,15,12196.18,1.3,0.813,4.3
CUST-0278,30,High,Central,SMB,33,4111.92,8.7,0.772,1.9
CUST-0279,42,Very High,North,SMB,22,21380.47,5.5,0.661,2.0
CUST-0280,65,High,East,SMB,24,35580.57,4.3,0.904,3.3
CUST-0281,60,Very High,East,Enterprise,1,15575.54,0.7,0.902,4.2
CUST-0282,28,Medium,North,SMB,11,24390.96,6.7,0.128,2.0
CUST-0283,65,Medium,South,Retail,43,10037.41,4.0,0.902,1.8
CUST-0284,27,Low,East,Retail,26,21742.85,2.5,0.524,2.9
CUST-0285,66,Very High,North,Online,26,18267.64,8.8,0.268,1.5
CUST-0286,61,High,South,Online,6,21978.96,1.8,0.609,4.0
CUST-0287,54,High,East,Enterprise,33,23552.72,5.2,0.281,3.3
CUST-0288,42,Very High,North,Online,14,5068.79,8.0,0.479,3.1
CUST-0289,61,Medium,East,Retail,24,5121.73,8.5,0.816,4.5
CUST-0290,52,High,East,Retail,38,13400.22,8.2,0.032,3.9
CUST-0291,36,Low,East,Enterprise,49,6230.04,9.0,0.183,1.6
CUST-0292,45,High,West,Online,41,13012.82,1.4,0.957,2.7
CUST-0293,59,High,South,Enterprise,17,1714.93,9.4,0.445,2.3
CUST-0294,65,High,East,SMB,14,17861.6,0.1,0.303,4.2
CUST-0295,68,Low,North,SMB,19,11063.8,2.6,0.923,3.9
CUST-0296,60,Low,West,Online,8,44661.24,0.8,0.911,2.9
CUST-0297,65,High,Central,Enterprise,23,42978.8,9.5,0.044,4.3
CUST-0298,27,Low,Central,Retail,44,15370.73,4.2,0.362,2.6
CUST-0299,32,Medium,South,Enterprise,2,24036.51,3.2,0.913,4.2
CUST-0300,49,High,North,SMB,3,47811.71,1.7,0.18,1.1
CUST-0301,20,Low,West,Enterprise,13,26442.77,1.6,0.578,1.5
CUST-0302,41,Low,North,Enterprise,5,42497.45,6.1,0.321,4.0
CUST-0303,27,Low,West,Online,18,41405.55,0.5,0.737,1.5
CUST-0304,61,Medium,West,Retail,1,47093.8,5.9,0.158,3.7
CUST-0305,47,Low,Central,Enterprise,37,15632.18,7.7,0.596,3.9
CUST-0306,58,Very High,South,SMB,21,2650.56,6.0,0.0,3.6
CUST-0307,68,Very High,South,Enterprise,44,5645.71,8.3,0.253,4.3
CUST-0308,50,Medium,North,Retail,19,28779.23,2.7,0.162,3.0
CUST-0309,62,Medium,West,Enterprise,38,26748.76,0.8,0.21,4.6
CUST-0310,42,Low,West,Retail,34,15273.43,7.2,0.86,3.3
CUST-0311,56,Medium,East,Enterprise,2,12811.31,8.3,0.915,3.0
CUST-0312,69,Low,South,Online,20,35614.38,5.0,0.755,3.0
CUST-0313,56,Low,West,Retail,31,17354.89,8.2,0.59,4.6
CUST-0314,42,Low,North,Enterprise,13,30395.61,4.6,0.231,2.0
CUST-0315,55,Very High,Central,Enterprise,14,35758.53,2.0,0.275,3.8
CUST-0316,29,Very High,Central,Enterprise,38,21808.04,4.7,0.31,2.0
CUST-0317,21,High,South,Enterprise,12,10073.61,2.2,0.777,1.4
CUST-0318,45,Medium,South,Enterprise,13,43108.62,4.7,0.253,4.8
CUST-0319,37,Very High,East,SMB,24,5129.78,1.5,0.973,1.5
CUST-0320,27,Medium,South,Online,40,41558.8,1.9,0.796,3.7
CUST-0321,48,Low,West,SMB,31,41915.64,8.8,1.0,2.7
CUST-0322,36,Medium,West,Enterprise,14,28764.46,1.2,0.459,4.3
CUST-0323,19,Low,West,Retail,30,31659.06,2.2,0.589,4.1
CUST-0324,21,Medium,West,Retail,27,18221.84,10.0,0.28,1.6
CUST-0325,32,Very High,East,SMB,36,42158.42,5.8,0.604,2.9
CUST-0326,55,Medium,South,SMB,6,13553.33,5.9,0.974,1.1
CUST-0327,50,Low,South,SMB,6,28208.92,8.4,0.03,2.7
CUST-0328,35,Very High,South,Online,15,588.84,5.2,0.289,3.8
CUST-0329,57,Low,East,Online,24,47022.23,2.2,0.281,1.9
CUST-0330,49,Low,East,Retail,13,47440.68,4.2,0.982,4.2
CUST-0331,49,Very High,West,SMB,7,35665.63,7.6,0.133,1.2
CUST-0332,30,Medium,East,Online,45,21450.37,8.7,0.812,1.1
CUST-0333,68,High,East,SMB,21,9341.25,2.7,0.275,1.1
CUST-0334,33,High,North,SMB,38,24876.91,2.6,0.861,2.1
CUST-0335,50,Medium,West,Online,38,39674.82,3.3,0.488,2.9
CUST-0336,51,Medium,West,Enterprise,14,30461.04,6.0,0.242,1.4
CUST-0337,68,Very High,North,Enterprise,3,26611.08,2.8,0.71,5.0
CUST-0338,31,Low,South,SMB,43,42547.49,8.9,0.842,5.0
CUST-0339,64,Very High,North,Retail,45,16000.13,9.8,0.47,3.1
CUST-0340,19,Very High,North,Online,35,43068.22,6.8,0.714,3.3
CUST-0341,30,Low,North,Enterprise,12,22252.94,9.7,0.182,4.7
CUST-0342,69,Low,East,Online,21,619.48,2.9,0.938,4.1
CUST-0343,46,Medium,North,Online,20,36731.13,8.2,0.096,1.7
CUST-0344,69,Low,Central,SMB,27,43953.25,6.8,0.222,4.2
CUST-0345,60,Low,North,Enterprise,5,24475.86,2.6,0.288,1.9
CUST-0346,59,Medium,South,Online,45,23010.02,3.2,0.153,2.7
CUST-0347,51,Very High,South,Retail,11,40369.7,4.9,0.407,3.1
CUST-0348,34,High,South,SMB,49,44296.35,7.9,0.458,3.9
CUST-0349,20,Low,North,SMB,42,48733.8,8.7,0.519,1.6
CUST-0350,47,Very High,West,Enterprise,44,17609.69,6.3,0.041,1.3
CUST-0351,21,Very High,South,SMB,6,29937.09,7.2,0.219,4.5
CUST-0352,48,High,North,Enterprise,5,41234.46,2.6,0.808,4.3
CUST-0353,22,Low,South,Online,22,26826.67,7.4,0.811,3.1
CUST-0354,19,Very High,East,Retail,1,23361.74,6.0,0.33,3.6
CUST-0355,21,Very High,East,Enterprise,20,28810.64,2.2,0.461,3.9
CUST-0356,61,Low,North,Online,24,18164.92,9.5,0.183,2.9
CUST-0357,55,Low,South,Online,20,10007.77,5.1,0.822,2.0
CUST-0358,69,Very High,South,Online,47,3798.24,7.9,0.957,2.9
CUST-0359,44,Medium,Central,SMB,48,30694.05,5.3,0.291,4.8
CUST-0360,44,Medium,South,Retail,29,19267.15,9.3,0.782,4.4
CUST-0361,32,Very High,West,Retail,42,44206.17,1.4,0.352,2.9
CUST-0362,56,Low,East,Retail,24,11536.48,5.5,0.003,1.9
CUST-0363,55,Low,South,Enterprise,8,15880.23,0.3,0.6,4.6
CUST-0364,31,Medium,West,Retail,34,48540.06,2.0,0.41,3.6
CUST-0365,35,Medium,North,Online,22,28036.41,2.8,0.758,2.6
CUST-0366,46,High,East,SMB,39,17664.28,4.7,0.749,1.4
CUST-0367,24,Medium,North,Retail,33,43114.27,8.2,0.946,4.0
CUST-0368,55,Low,South,Online,30,37297.07,4.7,0.438,2.3
CUST-0369,41,Medium,North,Retail,6,28870.58,5.6,0.483,3.4
CUST-0370,55,Very High,East,Enterprise,13,44510.43,9.2,0.4,3.3
CUST-0371,23,High,North,Online,44,5151.1,7.6,0.297,3.8
CUST-0372,37,High,North,Enterprise,19,20027.45,0.5,0.638,3.2
CUST-0373,59,Low,North,SMB,26,40622.23,1.8,0.828,3.5
CUST-0374,53,Very High,West,SMB,17,19604.18,0.4,0.158,1.3
CUST-0375,27,Medium,West,Enterprise,37,46373.46,0.7,0.982,3.7
CUST-0376,39,High,South,Retail,27,8049.8,3.4,0.684,1.8
CUST-0377,50,High,North,Enterprise,24,17163.55,7.3,0.78,2.6
CUST-0378,40,Very High,West,Online,47,21574.26,2.4,0.999,3.1
CUST-0379,63,High,East,Enterprise,14,34504.62,3.9,0.504,3.7
CUST-0380,67,Very High,East,Enterprise,3,10169.8,3.9,0.071,4.0
CUST-0381,58,Low,North,SMB,5,988.26,5.9,0.79,3.8
CUST-0382,59,High,South,Online,14,48837.21,8.9,0.871,1.4
CUST-0383,68,Medium,West,SMB,8,44988.48,9.8,0.162,2.5
CUST-0384,21,Very High,West,Online,43,15360.99,6.0,0.024,2.1
CUST-0385,38,Low,West,SMB,25,24432.3,5.1,0.136,2.6
CUST-0386,30,Medium,South,SMB,15,24701.55,6.8,0.324,3.6
CUST-0387,59,Very High,Central,Retail,45,43526.67,6.7,0.924,1.8
CUST-0388,30,Medium,West,SMB,37,30054.48,5.2,0.002,3.0
CUST-0389,29,High,North,SMB,45,41408.34,7.4,0.804,4.5
CUST-0390,41,Low,West,Retail,3,45643.71,4.9,0.855,3.9
CUST-0391,52,Very High,West,Online,45,28514.68,10.0,0.811,3.9
CUST-0392,36,Very High,Central,Retail,11,14631.38,0.5,0.082,4.4
CUST-0393,26,Low,North,Enterprise,9,25186.04,4.4,0.679,2.6
CUST-0394,30,Medium,North,Retail,4,42618.05,4.0,0.954,4.0
CUST-0395,39,Low,North,Retail,49,29389.15,7.7,0.12,1.2
CUST-0396,57,Low,West,SMB,15,44838.23,1.9,0.032,1.2
CUST-0397,53,Low,West,SMB,27,44824.08,4.3,0.874,2.3
CUST-0398,45,Low,East,SMB,31,18981.3,7.0,0.645,1.8
CUST-0399,58,High,Central,Online,16,22681.64,6.0,0.646,3.1
CUST-0400,24,Very High,North,SMB,32,34056.73,5.5,0.964,1.7
CUST-0401,47,Medium,North,Retail,34,5997.69,4.3,0.77,4.9
CUST-0402,48,Medium,East,Online,6,23545.08,7.5,0.397,4.4
CUST-0403,28,Low,West,SMB,44,7894.58,6.5,0.436,4.9
CUST-0404,47,Low,East,Online,5,42473.83,8.7,0.145,4.2
CUST-0405,32,Medium,East,SMB,24,47167.83,7.3,0.304,4.8
CUST-0406,30,Medium,West,Enterprise,49,7506.67,1.4,0.445,2.5
CUST-0407,52,High,South,Retail,19,33533.4,6.2,0.261,3.0
CUST-0408,52,Low,Central,Retail,30,32008.89,0.4,0.916,2.0
CUST-0409,37,Medium,South,Retail,12,38123.7,3.9,0.012,3.5
CUST-0410,60,Very High,South,Enterprise,5,34941.09,4.1,0.587,4.2
CUST-0411,40,High,Central,Retail,28,11247.89,8.5,0.772,3.0
CUST-0412,54,High,South,Retail,39,14915.03,1.8,0.732,2.2
CUST-0413,37,Low,West,Online,34,8678.99,6.4,0.644,3.0
CUST-0414,36,High,South,Online,12,46096.63,1.9,0.41,1.3
CUST-0415,61,High,South,SMB,23,26330.26,9.5,0.918,3.9
CUST-0416,35,Very High,South,Retail,5,48819.98,5.3,0.329,2.8
CUST-0417,21,High,West,SMB,40,22741.43,7.1,0.75,4.6
CUST-0418,25,Very High,East,Online,37,27859.8,6.5,0.927,4.7
CUST-0419,63,High,North,Enterprise,16,39570.05,3.0,0.128,1.5
CUST-0420,47,High,Central,Online,9,39962.57,9.0,0.947,5.0
CUST-0421,65,Low,Central,SMB,33,11941.9,6.3,0.776,4.9
CUST-0422,37,Low,West,Enterprise,37,14770.0,5.1,0.617,3.5
CUST-0423,25,Low,North,Enterprise,33,5341.44,5.3,0.373,4.3
CUST-0424,22,Low,South,Enterprise,49,40370.49,8.9,0.904,1.1
CUST-0425,58,Medium,Central,SMB,1,39796.15,0.6,0.044,4.9
CUST-0426,51,Low,South,Enterprise,47,4522.31,3.9,0.432,2.8
CUST-0427,57,Low,West,Online,37,13242.91,8.4,0.757,4.6
CUST-0428,24,Low,West,Online,9,22768.42,0.4,0.811,2.5
CUST-0429,67,High,West,SMB,18,27318.06,6.4,0.202,4.2
CUST-0430,39,High,East,Online,38,26365.94,4.0,0.048,2.7
CUST-0431,26,High,West,SMB,21,49162.23,2.0,0.803,2.5
CUST-0432,28,Low,South,SMB,44,38324.21,6.1,0.422,4.8
CUST-0433,29,Very High,East,Enterprise,14,6102.8,8.3,0.144,3.8
CUST-0434,25,Medium,South,SMB,39,15028.37,4.7,0.086,4.4
CUST-0435,49,Very High,West,Online,39,17598.65,1.5,0.641,3.2
CUST-0436,34,Very High,East,SMB,6,16099.83,3.1,0.583,4.7
CUST-0437,43,Very High,North,Enterprise,3,39404.31,9.8,0.854,4.0
CUST-0438,68,Very High,West,SMB,48,18347.78,1.1,0.032,1.3
CUST-0439,50,Medium,East,Enterprise,48,24875.12,1.6,0.868,4.1
CUST-0440,43,Very High,East,Enterprise,18,26905.98,9.9,0.887,1.1
CUST-0441,39,Low,East,Enterprise,37,13885.97,8.8,0.446,4.3
CUST-0442,20,Very High,Central,SMB,20,16473.44,7.1,0.077,2.3
CUST-0443,48,Medium,East,SMB,29,39109.88,1.5,0.947,3.4
CUST-0444,31,Medium,North,Retail,36,43400.81,2.4,0.072,4.0
CUST-0445,35,Very High,West,Retail,16,2335.47,1.8,0.591,3.5
CUST-0446,51,Low,West,Retail,4,30455.15,6.3,0.493,3.7
CUST-0447,57,Very High,West,Enterprise,45,31855.06,4.0,0.835,4.6
CUST-0448,34,High,East,Online,14,36996.81,0.5,0.503,2.5
CUST-0449,58,Medium,West,Retail,17,34845.42,2.9,0.469,3.2
CUST-0450,29,Very High,North,SMB,35,43932.51,8.6,0.881,1.7
CUST-0451,56,High,Central,Enterprise,35,4384.38,8.0,0.964,2.9
CUST-0452,50,Low,North,Enterprise,49,19724.43,6.4,0.549,1.6
CUST-0453,49,High,Central,SMB,45,39213.43,0.9,0.455,3.5
CUST-0454,38,Medium,West,Retail,32,42405.71,8.8,0.831,2.3
CUST-0455,31,High,South,Retail,10,13606.04,5.3,0.831,4.4
CUST-0456,19,High,Central,Online,29,29471.56,4.9,0.319,2.4
CUST-0457,66,High,North,SMB,12,9447.87,9.3,0.576,2.1
CUST-0458,24,Low,North,SMB,9,42619.27,0.1,0.154,3.0
CUST-0459,32,Low,South,Retail,26,36656.29,5.6,0.636,1.7
CUST-0460,48,Low,Central,Online,21,11492.22,7.9,0.834,1.8
CUST-0461,45,Low,Central,Online,1,31376.77,0.6,0.188,4.1
CUST-0462,58,Very High,North,SMB,36,25711.36,3.6,0.323,3.0
CUST-0463,25,High,Central,Retail,19,13311.92,9.8,0.449,1.8
CUST-0464,24,Medium,South,SMB,6,44709.57,2.1,0.845,1.1
CUST-0465,53,High,Central,Retail,47,7818.05,5.3,0.731,2.9
CUST-0466,27,Very High,Central,SMB,18,23639.26,7.5,0.317,4.0
CUST-0467,56,High,South,Enterprise,37,29348.52,3.9,0.243,2.4
CUST-0468,64,High,West,Enterprise,8,41265.51,4.1,0.696,2.0
CUST-0469,47,Medium,Central,Online,11,7933.91,0.6,0.48,2.6
CUST-0470,62,Medium,North,Enterprise,5,30654.14,1.9,0.594,4.8
CUST-0471,57,Medium,East,SMB,21,824.71,8.8,0.649,2.7
CUST-0472,58,High,North,Retail,40,41217.78,8.2,0.559,2.0
CUST-0473,58,Very High,North,Retail,43,12119.26,3.0,0.613,3.3
CUST-0474,22,Low,West,Retail,21,36185.31,3.8,0.888,4.2
CUST-0475,38,Low,West,Enterprise,20,30292.95,4.4,0.868,1.1
CUST-0476,23,High,North,Enterprise,42,2981.31,3.5,0.149,3.2
CUST-0477,33,Low,Central,Retail,9,9569.89,6.5,0.586,4.3
CUST-0478,33,Low,North,SMB,2,13753.16,0.1,0.439,1.9
CUST-0479,41,High,Central,SMB,49,44393.02,8.8,0.286,4.7
CUST-0480,63,High,South,Online,4,24299.77,3.0,0.631,3.3
CUST-0481,36,Very High,South,Retail,26,45718.41,8.7,0.511,3.1
CUST-0482,36,Low,West,Retail,12,2848.77,4.5,0.775,4.9
CUST-0483,65,High,East,SMB,19,824.91,7.8,0.093,1.5
CUST-0484,54,Low,East,Retail,19,47438.21,8.3,0.303,4.0
CUST-0485,50,Medium,West,Online,19,36333.89,3.0,0.026,4.3
CUST-0486,22,Medium,South,SMB,29,39274.18,6.4,0.746,3.0
CUST-0487,26,Very High,West,SMB,39,45832.38,6.1,0.912,1.0
CUST-0488,38,High,South,Enterprise,45,49234.67,4.8,0.587,3.1
CUST-0489,24,Low,Central,Online,34,5336.75,4.7,0.617,1.6
CUST-0490,59,Medium,South,Enterprise,8,8335.42,3.1,0.046,3.3
CUST-0491,42,High,South,Online,6,9834.39,3.1,0.504,4.0
CUST-0492,64,Medium,South,Enterprise,32,41011.67,5.5,0.527,3.1
CUST-0493,38,Medium,East,Retail,28,18099.72,0.3,0.039,3.5
CUST-0494,61,High,South,SMB,11,29866.94,9.3,0.782,1.4
CUST-0495,30,Medium,North,Retail,28,42833.48,6.5,0.278,1.4
CUST-0496,67,High,Central,Retail,32,34316.41,4.4,0.723,4.4
CUST-0497,38,Very High,East,Online,41,3738.06,0.6,0.403,1.2
CUST-0498,27,High,North,Online,8,22560.86,6.3,0.996,2.1
CUST-0499,41,Medium,East,Online,20,3841.25,0.2,0.212,4.8
CUST-0500,44,Medium,East,Retail,24,24202.76,6.8,0.058,2.8
CUST-0501,50,Low,North,SMB,27,11355.48,0.7,0.98,3.7
CUST-0502,43,Very High,West,Enterprise,47,564.76,6.6,0.244,1.9
CUST-0503,53,Medium,West,Online,11,40751.01,4.1,0.635,2.1
CUST-0504,34,Very High,South,SMB,47,48484.45,6.6,0.375,3.0
CUST-0505,38,Low,North,SMB,23,48224.57,1.4,0.64,3.6
CUST-0506,62,Very High,South,Online,22,15309.67,1.2,0.596,4.8
CUST-0507,19,High,West,Retail,5,41524.29,2.5,0.707,3.3
CUST-0508,32,Very High,North,Retail,48,34099.46,4.1,0.018,1.4
CUST-0509,61,Medium,North,Enterprise,34,40103.78,2.5,0.836,2.5
CUST-0510,19,Medium,North,SMB,31,42388.78,0.8,0.479,2.0
CUST-0511,24,High,South,Enterprise,47,49023.8,3.3,0.519,2.0
CUST-0512,53,Medium,East,Retail,37,8010.62,7.1,0.411,3.0
CUST-0513,63,Low,East,Retail,47,38602.43,5.8,0.989,2.3
CUST-0514,67,Medium,East,Enterprise,26,36840.6,9.6,0.802,2.2
CUST-0515,60,Low,North,Enterprise,23,14742.92,4.4,0.311,4.9
CUST-0516,49,Very High,West,SMB,43,19933.08,3.3,0.783,3.3
CUST-0517,20,Very High,South,Enterprise,38,9249.52,6.9,0.437,2.0
CUST-0518,20,Medium,South,Enterprise,38,45707.02,4.1,0.87,2.1
CUST-0519,67,Medium,West,SMB,32,44027.12,6.2,0.031,4.2
CUST-0520,50,High,East,Retail,5,30894.73,9.5,0.355,4.5
CUST-0521,62,Very High,Central,SMB,25,25825.68,5.0,0.43,3.7
CUST-0522,42,Low,West,Retail,33,12027.97,5.0,0.744,2.7
CUST-0523,54,High,East,Retail,7,39585.38,7.8,0.182,4.1
CUST-0524,53,High,North,Enterprise,16,906.14,7.6,0.286,4.7
CUST-0525,52,Very High,West,Online,49,23407.94,5.2,0.724,1.7
CUST-0526,36,High,East,Enterprise,29,43097.28,0.6,0.077,4.4
CUST-0527,62,Low,South,Online,15,31115.02,9.8,0.201,4.4
CUST-0528,65,High,Central,Online,20,31938.58,3.8,0.753,2.5
CUST-0529,36,Low,Central,Enterprise,22,4000.02,3.2,0.876,2.2
CUST-0530,50,Low,Central,Enterprise,10,14691.88,9.8,0.729,3.3
CUST-0531,35,Medium,East,Enterprise,8,33856.18,8.7,0.527,2.1
CUST-0532,44,Very High,East,Online,32,2956.06,3.3,0.099,1.6
CUST-0533,47,Very High,North,Retail,28,16881.32,3.1,0.827,4.8
CUST-0534,48,Very High,Central,Online,9,18020.26,7.2,0.124,3.0
CUST-0535,56,Very High,South,SMB,31,25186.56,3.3,0.385,2.9
CUST-0536,20,Low,Central,Enterprise,23,18437.57,2.5,0.05,1.5
CUST-0537,39,Very High,West,Online,19,22978.82,9.8,0.71,3.0
CUST-0538,69,Very High,West,Online,32,27576.37,5.7,0.503,4.0
CUST-0539,27,Low,South,Retail,10,6853.22,7.6,0.908,2.0
CUST-0540,25,Medium,East,Enterprise,20,9433.53,7.1,0.139,2.5
CUST-0541,51,Very High,Central,SMB,35,41709.29,7.6,0.819,1.7
CUST-0542,59,High,West,Retail,31,23258.51,9.0,0.511,2.4
CUST-0543,35,Medium,South,Online,11,18080.03,5.0,0.366,4.4
CUST-0544,29,Medium,North,Online,43,21977.13,7.5,0.644,1.9
CUST-0545,63,Medium,West,SMB,40,9153.52,8.0,0.79,1.1
CUST-0546,49,Very High,West,Online,10,12372.44,9.5,0.44,3.1
CUST-0547,19,Low,Central,Online,9,26018.42,7.1,0.233,3.3
CUST-0548,34,Very High,East,Enterprise,42,18266.86,8.9,0.916,2.3
CUST-0549,69,Very High,West,Retail,10,24035.08,1.0,0.313,3.6
CUST-0550,29,Medium,West,SMB,37,7910.38,1.3,0.998,1.2
CUST-0551,24,Low,Central,Enterprise,37,8245.18,1.6,0.767,2.4
CUST-0552,32,Very High,East,Enterprise,7,19505.18,1.4,0.688,1.6
CUST-0553,19,Very High,North,Retail,20,19253.45,0.9,0.012,1.9
CUST-0554,44,Very High,North,Enterprise,20,44224.95,1.2,0.449,2.5
CUST-0555,43,Very High,North,Online,8,2155.84,10.0,0.502,3.0
CUST-0556,42,Low,North,SMB,17,49646.34,2.7,0.376,1.4
CUST-0557,29,Low,East,Enterprise,38,47847.89,4.8,0.15,1.4
CUST-0558,34,Low,North,SMB,25,27341.42,8.2,0.367,3.7
CUST-0559,18,High,Central,SMB,13,36078.51,1.2,0.075,2.6
CUST-0560,48,Low,Central,SMB,45,46795.11,3.2,0.291,1.7
CUST-0561,57,Low,Central,Online,13,12934.1,1.6,0.084,1.9
CUST-0562,22,Medium,North,SMB,48,16123.72,0.6,0.752,3.9
CUST-0563,45,Very High,Central,Retail,2,5990.77,9.6,0.671,1.2
CUST-0564,45,Very High,Central,SMB,37,28410.38,8.6,0.94,3.0
CUST-0565,25,Medium,South,Online,42,8392.69,8.8,0.38,2.4
CUST-0566,69,Low,North,Online,42,46578.1,8.7,0.786,4.2
CUST-0567,31,Very High,Central,Retail,11,21862.56,1.5,0.588,4.2
CUST-0568,23,High,East,Retail,20,46024.49,7.8,0.646,3.8
CUST-0569,35,High,Central,Online,9,10652.45,7.3,0.547,2.5
CUST-0570,54,Medium,South,Online,45,34854.81,9.3,0.779,3.5
CUST-0571,27,High,East,Retail,45,32555.81,2.2,0.042,3.6
CUST-0572,64,Medium,East,Online,29,20283.95,4.1,0.08,2.3
CUST-0573,52,High,West,Enterprise,34,44967.98,2.9,0.096,4.5
CUST-0574,52,High,South,SMB,5,22022.7,2.6,0.289,4.9
CUST-0575,34,High,South,Online,31,10322.31,6.5,0.591,2.3
CUST-0576,63,Medium,Central,Online,26,48860.78,1.6,0.646,4.2
CUST-0577,44,Very High,South,Online,37,22353.33,4.6,0.713,3.0
CUST-0578,41,Medium,East,Enterprise,44,10799.61,6.5,0.281,2.9
CUST-0579,27,Low,East,SMB,20,18499.82,1.3,0.65,2.5
CUST-0580,68,Low,Central,Retail,8,30868.72,2.6,0.118,2.2
CUST-0581,65,High,East,Enterprise,6,25845.36,9.7,0.01,4.7
CUST-0582,34,High,Central,Enterprise,18,31938.29,8.0,0.695,4.0
CUST-0583,69,Very High,West,Retail,8,33261.94,6.8,0.716,2.8
CUST-0584,62,Very High,South,Retail,25,6607.36,8.6,0.622,4.0
CUST-0585,50,Very High,South,Online,2,16086.81,0.1,0.259,3.9
CUST-0586,50,High,South,Retail,28,37560.7,0.1,0.927,2.1
CUST-0587,34,Medium,West,Enterprise,42,32693.18,1.5,0.876,1.7
CUST-0588,35,High,South,Online,25,4873.24,5.0,0.516,4.3
CUST-0589,66,Low,West,Retail,20,16099.81,5.7,0.989,4.2
CUST-0590,61,High,West,Enterprise,6,46600.45,1.1,0.299,5.0
CUST-0591,55,Very High,Central,SMB,37,43169.63,0.7,0.491,1.1
CUST-0592,24,Low,North,Retail,16,33696.82,8.3,0.928,3.2
CUST-0593,66,High,North,Enterprise,35,4106.76,4.6,0.462,3.8
CUST-0594,43,Very High,Central,Online,36,30549.23,9.9,0.471,3.3
CUST-0595,65,High,Central,Retail,1,1103.31,2.3,0.079,3.8
CUST-0596,18,High,Central,Retail,14,33225.76,6.5,0.211,1.5
CUST-0597,28,Very High,South,Online,14,36694.97,8.0,0.158,1.0
CUST-0598,27,Low,East,Online,24,25113.56,8.7,0.565,1.4
CUST-0599,48,Low,Central,Enterprise,19,688.43,3.1,0.318,2.5
CUST-0600,42,Medium,West,Online,38,33497.2,1.9,0.077,2.3
CUST-0601,18,Low,North,Enterprise,44,41077.13,2.3,0.51,4.5
CUST-0602,60,High,South,Enterprise,18,29500.44,6.7,0.669,1.3
CUST-0603,20,Very High,East,Online,9,35605.28,5.2,0.737,2.8
CUST-0604,65,Low,North,Retail,13,4970.91,6.0,0.838,4.8
CUST-0605,18,High,North,Online,45,35908.43,0.2,0.482,3.0
CUST-0606,24,High,North,Online,19,30902.55,3.9,0.391,1.5
CUST-0607,60,Low,West,SMB,10,16885.48,3.1,0.684,2.2
CUST-0608,66,Very High,West,SMB,38,34424.03,8.6,0.013,3.5
CUST-0609,68,Very High,West,Online,3,32456.35,7.8,0.634,1.0
CUST-0610,31,Medium,East,Retail,48,30173.28,4.3,0.406,4.9
CUST-0611,40,Very High,North,Retail,41,9555.8,6.3,0.453,3.3
CUST-0612,65,Very High,Central,Enterprise,17,15162.98,0.5,0.296,3.8
CUST-0613,34,Low,East,Online,23,49573.45,6.4,0.127,3.0
CUST-0614,31,Low,West,Online,27,21938.9,1.0,0.401,4.8
CUST-0615,26,High,West,SMB,9,3441.61,7.1,0.308,3.4
CUST-0616,38,Low,West,SMB,5,45000.76,5.7,0.96,3.6
CUST-0617,62,Medium,South,SMB,19,9060.14,3.0,0.944,4.4
CUST-0618,19,High,North,Enterprise,29,20474.23,3.7,0.644,4.4
CUST-0619,69,Very High,Central,Online,15,14260.95,0.9,0.904,1.1
CUST-0620,49,Low,North,SMB,42,48211.83,3.2,0.751,2.1
CUST-0621,25,Medium,East,Online,36,19215.88,9.7,0.346,2.0
CUST-0622,53,High,South,Enterprise,12,35581.49,4.9,0.604,1.0
CUST-0623,43,Medium,East,Retail,14,30119.96,4.7,0.22,4.5
CUST-0624,54,Medium,West,Enterprise,15,2627.27,6.3,0.687,2.3
CUST-0625,32,Very High,West,Online,31,19523.58,4.8,0.045,2.4
CUST-0626,51,High,Central,Online,5,19806.09,3.6,0.831,1.4
CUST-0627,38,Low,North,Online,44,49496.75,1.4,0.583,5.0
CUST-0628,40,Very High,East,Retail,3,40690.47,6.3,0.058,4.3
CUST-0629,26,Medium,West,Online,47,42904.39,7.5,0.872,3.3
CUST-0630,57,High,Central,SMB,30,16019.3,9.2,0.878,4.1
CUST-0631,43,Very High,Central,Retail,47,16788.2,0.0,0.853,4.1
CUST-0632,60,Low,East,Retail,12,26022.48,0.7,0.774,3.6
CUST-0633,39,Medium,North,Retail,15,31735.25,9.0,0.678,1.7
CUST-0634,30,High,South,Enterprise,38,36550.53,6.3,0.397,3.9
CUST-0635,42,Very High,Central,Enterprise,28,41129.69,9.6,0.136,3.3
CUST-0636,24,Very High,East,Enterprise,49,43723.51,4.3,0.289,3.9
CUST-0637,68,Medium,West,Retail,23,1718.98,4.2,0.347,3.2
CUST-0638,44,Very High,South,Retail,47,39906.75,3.4,0.358,4.8
CUST-0639,32,Low,South,Online,15,30736.43,1.4,0.565,3.5
CUST-0640,29,Low,North,Retail,11,26838.2,3.8,0.208,3.3
CUST-0641,62,Low,East,SMB,30,31609.08,0.1,0.19,4.4
CUST-0642,50,High,North,Enterprise,12,44155.94,5.1,0.717,2.5
CUST-0643,38,Very High,Central,Online,19,27491.9,8.5,0.008,2.3
CUST-0644,42,Low,Central,SMB,32,8528.31,3.2,0.15,3.0
CUST-0645,57,Low,East,SMB,1,22120.47,0.9,0.435,3.3
CUST-0646,64,High,West,SMB,16,46260.75,9.7,0.149,1.9
CUST-0647,39,Very High,Central,Retail,11,40816.95,1.3,0.96,3.7
CUST-0648,31,Low,Central,Enterprise,31,10550.76,5.3,0.67,4.2
CUST-0649,25,Low,West,SMB,33,35850.12,8.1,0.433,3.3
CUST-0650,41,Low,South,Online,36,13183.22,2.5,0.112,3.1
CUST-0651,20,High,East,Enterprise,30,17752.58,8.4,0.385,2.2
CUST-0652,29,Very High,South,Enterprise,38,23711.41,5.6,0.651,4.6
CUST-0653,64,Low,North,Retail,4,22323.05,3.3,0.969,4.0
CUST-0654,39,Medium,West,SMB,25,1949.35,8.7,0.473,2.9
CUST-0655,33,High,East,Online,34,38813.46,6.2,0.692,3.6
CUST-0656,24,Medium,West,Retail,17,42396.11,6.2,0.195,2.3
CUST-0657,35,Very High,West,Enterprise,33,26781.69,5.0,0.624,1.2
CUST-0658,62,High,South,SMB,30,9061.08,2.7,0.239,1.8
CUST-0659,40,High,South,Enterprise,13,12772.93,3.0,0.198,1.3
CUST-0660,43,High,North,Enterprise,12,6753.54,0.9,0.509,3.0
CUST-0661,55,Very High,East,Retail,32,8890.56,2.4,0.212,3.5
CUST-0662,19,Medium,West,Online,23,43881.67,2.8,0.721,2.5
CUST-0663,19,Low,North,SMB,29,24268.06,0.6,0.937,3.1
CUST-0664,39,Very High,West,Retail,34,5995.17,1.1,0.394,1.3
CUST-0665,68,Low,North,Online,19,13109.89,2.7,0.322,4.1
CUST-0666,55,Low,West,Retail,12,47500.32,6.8,0.176,1.1
CUST-0667,59,Low,South,Online,4,25708.65,1.8,0.39,3.5
CUST-0668,45,High,Central,Enterprise,25,26023.9,5.2,0.56,2.7
CUST-0669,34,High,North,SMB,26,26519.42,5.1,0.373,1.7
CUST-0670,68,Medium,North,SMB,18,6025.03,8.3,0.623,3.1
CUST-0671,65,Very High,Central,SMB,30,48530.53,6.1,0.662,4.1
CUST-0672,35,Low,South,Retail,34,4682.04,9.2,0.098,2.7
CUST-0673,68,Very High,North,Retail,33,35151.9,6.3,0.698,2.5
CUST-0674,19,Very High,South,Online,31,3359.36,0.3,0.9,1.6
CUST-0675,52,Very High,West,Retail,31,22457.79,3.8,0.026,3.4
CUST-0676,32,High,West,Enterprise,13,45034.07,7.0,0.551,4.3
CUST-0677,32,Low,Central,Online,24,38538.0,4.8,0.604,3.2
CUST-0678,61,Low,East,Retail,5,17066.46,4.2,0.71,1.7
CUST-0679,69,Very High,South,SMB,1,27791.71,6.7,0.386,3.6
CUST-0680,62,Medium,East,Enterprise,34,8681.1,2.9,0.819,1.1
CUST-0681,51,High,East,SMB,46,47827.95,9.1,0.54,4.4
CUST-0682,67,Very High,South,Online,9,35579.53,4.1,0.409,4.7
CUST-0683,32,Very High,East,Online,8,19027.54,6.3,0.719,3.4
CUST-0684,35,Low,North,Retail,43,16237.76,9.8,0.927,4.5
CUST-0685,30,Medium,West,Online,36,12312.62,7.9,0.812,1.3
CUST-0686,55,Very High,Central,Online,29,39432.72,5.3,0.931,1.9
CUST-0687,25,Medium,South,SMB,35,22013.41,8.6,0.266,2.3
CUST-0688,33,Low,Central,Online,5,16845.75,5.6,0.119,4.1
CUST-0689,37,Low,West,Enterprise,46,45308.48,4.4,0.534,2.9
CUST-0690,43,Very High,Central,Retail,10,7935.79,8.7,0.044,2.4
CUST-0691,52,Medium,South,Online,38,13559.86,0.3,0.675,1.6
CUST-0692,34,Very High,Central,Enterprise,10,17565.9,4.1,0.24,4.2
CUST-0693,43,Very High,East,Retail,11,13362.65,3.4,0.454,1.1
CUST-0694,35,Very High,East,Enterprise,8,29477.45,7.1,0.656,2.3
CUST-0695,61,Very High,West,Enterprise,4,30251.04,0.1,0.483,2.0
CUST-0696,24,Medium,East,Online,18,3210.07,6.6,0.236,1.5
CUST-0697,61,Very High,Central,SMB,20,7654.19,3.5,0.88,1.7
CUST-0698,52,Low,North,Retail,46,10327.17,1.0,0.765,3.0
CUST-0699,29,Low,Central,Online,3,3981.24,9.8,0.601,2.7
CUST-0700,64,Medium,North,Online,44,6675.72,2.1,0.699,3.1
CUST-0701,66,Very High,Central,Retail,15,12362.74,3.5,0.415,3.9
CUST-0702,61,Very High,North,Retail,8,17608.22,2.1,0.376,4.6
CUST-0703,58,High,North,Online,46,39669.8,6.6,0.16,1.5
CUST-0704,18,Very High,South,Enterprise,6,11286.3,7.8,0.804,1.3
CUST-0705,42,Medium,South,SMB,46,33666.28,8.6,0.381,2.3
CUST-0706,33,Medium,Central,SMB,36,3365.11,3.1,0.692,3.2
CUST-0707,32,High,East,Retail,20,33082.93,5.2,0.3,1.4
CUST-0708,28,Low,South,Retail,32,39838.6,6.6,0.796,3.9
CUST-0709,54,Medium,North,Enterprise,6,30437.99,6.3,0.105,3.2
CUST-0710,56,Very High,Central,Enterprise,16,10468.92,7.2,0.625,4.0
CUST-0711,20,Very High,East,Online,49,16855.2,7.7,0.808,2.4
CUST-0712,62,Low,Central,Enterprise,2,40356.48,1.0,0.66,2.6
CUST-0713,62,High,North,SMB,18,21882.61,1.7,0.696,4.2
CUST-0714,68,Medium,South,Enterprise,45,13134.12,7.3,0.526,2.1
CUST-0715,59,Very High,South,Enterprise,26,46668.23,4.8,0.559,2.5
CUST-0716,56,Low,West,Enterprise,20,32049.07,4.3,0.066,1.1
CUST-0717,37,Low,West,Retail,16,40382.88,4.6,0.251,3.2
CUST-0718,40,Low,Central,Enterprise,21,1712.84,3.7,0.722,4.4
CUST-0719,32,Very High,Central,Retail,45,17297.16,5.9,0.945,1.1
CUST-0720,35,Low,East,SMB,14,23215.4,3.2,0.542,3.5
CUST-0721,69,Low,South,SMB,18,29577.37,6.4,0.726,4.4
CUST-0722,56,Low,South,Retail,8,9903.61,2.0,0.684,3.0
CUST-0723,52,Medium,West,Retail,5,25148.7,7.6,0.999,2.3
CUST-0724,46,Very High,North,Enterprise,24,34438.46,7.8,0.795,5.0
CUST-0725,37,Medium,North,Enterprise,41,17620.86,5.8,0.628,1.3
CUST-0726,59,High,West,SMB,47,34726.39,3.7,0.115,1.8
CUST-0727,32,Low,Central,SMB,29,19787.87,0.1,0.363,4.5
CUST-0728,49,Very High,South,SMB,9,23738.44,1.2,0.251,2.2
CUST-0729,29,High,South,SMB,42,7147.5,0.8,0.854,4.3
CUST-0730,65,Medium,South,Online,18,32738.09,0.1,0.446,2.3
CUST-0731,68,High,North,Enterprise,46,11601.65,7.2,0.535,4.2
CUST-0732,29,Medium,Central,Enterprise,18,41528.08,9.6,0.965,3.7
CUST-0733,42,Very High,North,Online,48,27895.45,0.1,0.837,2.9
CUST-0734,51,Medium,Central,SMB,28,28232.71,1.1,0.79,3.1
CUST-0735,25,High,West,Enterprise,37,45667.59,8.6,0.142,1.7
CUST-0736,41,Medium,Central,Enterprise,10,8786.43,6.9,0.023,1.5
CUST-0737,62,Medium,North,Retail,20,26746.62,4.0,0.126,3.9
CUST-0738,18,High,South,Online,38,19419.15,9.9,0.74,4.4
CUST-0739,42,High,North,Retail,41,48333.04,5.7,0.411,3.9
CUST-0740,51,Low,West,Online,23,39739.35,6.7,0.117,4.7
CUST-0741,31,High,South,Online,48,37996.29,6.5,0.739,4.6
CUST-0742,53,Medium,North,Online,43,10604.01,2.2,0.195,4.1
CUST-0743,23,Very High,South,SMB,20,12247.5,4.9,0.589,4.6
CUST-0744,62,Very High,West,Online,23,1944.45,2.2,0.742,1.7
CUST-0745,26,Low,Central,SMB,5,32107.5,5.1,0.608,3.9
CUST-0746,65,Medium,Central,Online,27,18856.35,0.3,0.994,4.0
CUST-0747,18,High,East,SMB,9,15946.01,3.8,0.434,1.6
CUST-0748,26,Medium,South,SMB,43,32033.05,3.7,0.312,4.6
CUST-0749,41,High,West,SMB,41,41520.04,2.9,0.201,1.0
CUST-0750,56,High,North,Enterprise,36,7084.96,0.8,0.504,2.7
CUST-0751,35,High,North,Retail,40,45973.74,7.7,0.852,1.1
CUST-0752,65,Low,East,Retail,37,2196.43,4.2,0.947,3.1
CUST-0753,56,High,North,Retail,3,5207.76,8.1,0.972,2.6
CUST-0754,35,Medium,West,Enterprise,36,41987.34,8.4,0.531,3.5
CUST-0755,58,Low,West,Enterprise,48,24888.84,2.1,0.605,4.1
CUST-0756,45,Low,Central,Enterprise,45,46993.12,4.2,0.582,4.1
CUST-0757,69,Very High,South,Online,35,23351.82,7.2,0.466,3.9
CUST-0758,19,Low,South,Online,36,46343.09,5.0,0.152,1.4
CUST-0759,54,Medium,North,Online,29,12361.67,8.6,0.065,2.7
CUST-0760,58,Very High,South,Online,33,31014.26,5.7,0.437,4.3
CUST-0761,53,High,East,Online,26,49726.17,6.3,0.186,3.6
CUST-0762,65,Very High,South,Retail,8,19115.11,7.9,0.887,3.7
CUST-0763,41,Low,North,Retail,9,572.01,1.2,0.762,1.9
CUST-0764,52,High,South,Retail,22,3670.58,5.8,0.618,2.3
CUST-0765,23,High,West,Retail,5,43023.45,0.9,0.047,4.8
CUST-0766,34,Medium,West,Retail,44,24848.34,2.6,0.622,4.4
CUST-0767,47,Low,Central,Enterprise,41,27067.55,2.1,0.621,1.7
CUST-0768,68,Medium,Central,Enterprise,36,40071.59,5.7,0.439,3.2
CUST-0769,25,Low,Central,Online,32,40673.16,8.4,0.658,3.0
CUST-0770,59,Low,Central,Retail,30,24132.35,1.3,0.858,2.8
CUST-0771,27,High,South,Online,49,42974.01,7.7,0.758,2.9
CUST-0772,33,High,North,Enterprise,44,23687.04,1.4,0.473,3.6
CUST-0773,55,Very High,South,Online,45,33913.56,1.9,0.262,4.9
CUST-0774,43,Low,North,Retail,43,2151.41,9.2,0.478,4.5
CUST-0775,48,Low,North,Retail,17,7330.97,0.1,0.946,4.5
CUST-0776,69,High,North,Retail,30,42645.29,2.0,0.82,3.8
CUST-0777,25,Low,North,Enterprise,47,15999.36,2.2,0.027,1.1
CUST-0778,52,Low,West,Online,9,17069.83,2.8,0.783,2.8
CUST-0779,51,Low,North,SMB,4,33318.06,3.6,0.171,3.0
CUST-0780,27,Medium,South,SMB,12,29830.64,1.0,0.571,4.4
CUST-0781,57,Very High,North,SMB,35,4568.34,4.7,0.807,4.7
CUST-0782,61,Very High,West,SMB,20,38405.37,4.0,0.561,2.8
CUST-0783,69,Low,South,SMB,17,31052.51,6.2,0.404,2.2
CUST-0784,29,Low,East,Enterprise,22,42838.93,8.7,0.321,2.3
CUST-0785,58,High,South,Retail,7,27007.1,3.0,0.305,3.3
CUST-0786,44,Very High,West,SMB,39,21009.08,5.5,0.837,2.1
CUST-0787,36,Very High,West,SMB,44,18881.35,3.7,0.825,4.6
CUST-0788,43,High,Central,SMB,42,718.74,0.4,0.823,2.7
CUST-0789,32,Very High,East,Online,8,2469.32,8.2,0.283,5.0
CUST-0790,48,Medium,North,Retail,9,6994.97,6.3,0.799,1.4
CUST-0791,63,High,West,SMB,46,46512.1,0.0,0.037,1.8
CUST-0792,54,Low,Central,Enterprise,6,44092.2,2.5,0.206,3.0
CUST-0793,35,Medium,Central,Retail,19,25111.22,3.1,0.515,4.5
CUST-0794,46,Very High,North,Retail,22,9419.72,8.1,0.407,2.4
CUST-0795,61,Low,South,Retail,47,7732.51,7.6,0.112,4.3
CUST-0796,44,Very High,East,Online,20,13178.46,4.0,0.042,2.7
CUST-0797,55,Very High,North,Retail,20,45481.78,1.6,0.611,4.4
CUST-0798,37,Low,North,SMB,27,26312.67,3.9,0.313,2.1
CUST-0799,38,Low,South,SMB,27,40300.07,8.1,0.016,2.9
CUST-0800,46,Medium,South,Online,7,25584.34,4.5,0.431,2.1
CUST-0801,60,Very High,West,Enterprise,24,30667.64,1.2,0.307,1.9
CUST-0802,32,High,South,Online,8,30700.08,0.4,0.577,2.7
CUST-0803,39,High,South,Online,3,2051.22,3.3,0.93,2.3
CUST-0804,40,High,East,SMB,11,22540.79,1.5,0.308,4.1
CUST-0805,21,Very High,East,Retail,36,43270.43,7.5,0.997,4.0
CUST-0806,41,Very High,East,Online,2,24710.38,2.8,0.086,2.4
CUST-0807,31,Low,North,Enterprise,1,22049.1,8.8,0.088,5.0
CUST-0808,54,Medium,East,SMB,7,26564.01,6.2,0.713,4.9
CUST-0809,38,Very High,East,Retail,24,19347.97,3.9,0.749,4.7
CUST-0810,60,High,Central,Enterprise,12,26012.3,6.1,0.423,3.3
CUST-0811,69,Very High,East,Online,8,7199.57,3.0,0.286,2.6
CUST-0812,56,Medium,North,Enterprise,13,48413.37,1.4,0.794,2.3
CUST-0813,30,Very High,Central,Online,6,2189.43,9.6,0.956,1.1
CUST-0814,36,Medium,North,Online,39,24418.77,5.6,0.99,3.5
CUST-0815,43,Low,North,Online,24,10894.63,0.1,0.634,3.2
CUST-0816,53,Medium,Central,Online,24,3388.61,3.1,0.74,3.5
CUST-0817,69,High,Central,Online,38,32759.42,1.6,0.822,3.3
CUST-0818,61,Very High,Central,SMB,44,49266.47,2.6,0.799,1.6
CUST-0819,63,Very High,Central,Online,7,37605.45,0.6,0.993,3.8
CUST-0820,50,High,North,Retail,10,13074.02,2.5,0.81,2.4
CUST-0821,57,Medium,Central,Online,30,24922.76,6.8,0.663,3.1
CUST-0822,33,Very High,South,SMB,39,2964.19,8.2,0.376,2.5
CUST-0823,36,Very High,East,Enterprise,24,26817.68,3.5,0.598,1.1
CUST-0824,54,Medium,East,Retail,27,5423.43,5.2,0.88,4.5
CUST-0825,31,Medium,South,Enterprise,30,39833.08,0.4,0.305,1.6
CUST-0826,61,Medium,North,Enterprise,15,3306.97,0.9,0.031,3.3
CUST-0827,61,Very High,North,Retail,2,963.37,5.5,0.327,4.5
CUST-0828,47,High,East,SMB,8,43147.07,8.4,0.96,1.9
CUST-0829,48,High,West,Online,17,47155.84,0.9,0.794,2.6
CUST-0830,37,Low,South,Online,48,4784.42,4.2,0.187,2.5
CUST-0831,61,Medium,South,Online,13,14306.37,9.7,0.012,1.4
CUST-0832,60,High,East,Enterprise,18,37214.02,7.4,0.669,2.7
CUST-0833,64,Medium,Central,Retail,21,27212.85,2.0,0.579,2.9
CUST-0834,24,Very High,West,Online,36,47487.22,2.9,0.083,1.1
CUST-0835,59,High,North,Online,12,19764.41,9.5,0.966,3.0
CUST-0836,54,Very High,North,SMB,43,664.48,2.2,0.618,1.4
CUST-0837,64,Low,North,SMB,2,1477.41,4.4,0.652,4.6
CUST-0838,19,High,North,Enterprise,20,28460.3,3.6,0.854,3.6
CUST-0839,39,High,South,Retail,23,37729.22,4.9,0.337,1.2
CUST-0840,30,Low,South,SMB,21,39635.54,2.4,0.558,4.3
CUST-0841,63,Medium,Central,Retail,31,45620.09,6.7,0.576,2.4
CUST-0842,69,High,South,SMB,16,11839.19,2.3,0.967,1.9
CUST-0843,55,Low,Central,Retail,13,37051.09,6.0,0.131,2.0
CUST-0844,48,Very High,Central,Retail,4,41441.36,3.6,0.759,3.4
CUST-0845,18,Low,North,Retail,2,41895.63,2.5,0.575,1.3
CUST-0846,64,Very High,North,Enterprise,1,20871.41,7.0,0.845,1.2
CUST-0847,60,Low,South,SMB,26,31486.16,9.7,0.832,3.5
CUST-0848,30,High,South,SMB,30,27802.48,8.7,0.012,4.9
CUST-0849,34,Medium,Central,Online,38,30075.55,0.9,0.256,2.9
CUST-0850,21,High,East,Online,20,14460.55,4.5,0.181,2.7
CUST-0851,60,High,North,Enterprise,25,34320.11,6.9,0.462,4.8
CUST-0852,48,Very High,West,SMB,19,35645.86,5.6,0.905,2.0
CUST-0853,50,High,East,Online,27,10199.45,7.3,0.005,2.0
CUST-0854,31,Low,North,SMB,10,22459.81,9.8,0.488,4.6
CUST-0855,38,Medium,North,Online,41,21394.23,3.4,0.885,3.6
CUST-0856,39,High,South,Enterprise,17,37573.06,7.7,0.926,1.2
CUST-0857,22,Medium,West,Online,47,33491.9,0.9,0.657,3.7
CUST-0858,54,Very High,West,Enterprise,2,24071.69,8.7,0.83,4.3
CUST-0859,49,High,North,Enterprise,17,32800.3,7.8,0.324,2.1
CUST-0860,20,Medium,Central,Retail,7,13511.65,5.2,0.286,2.5
CUST-0861,58,Low,West,Enterprise,16,12001.22,8.2,0.049,1.8
CUST-0862,30,Medium,East,Retail,49,12376.02,6.7,0.503,3.5
CUST-0863,28,Low,Central,SMB,27,1960.13,5.5,0.456,3.7
CUST-0864,67,Low,South,Enterprise,1,34708.27,9.5,0.372,1.3
CUST-0865,59,Very High,North,Enterprise,22,49299.48,1.3,0.113,3.7
CUST-0866,55,Medium,North,Enterprise,22,15797.09,9.9,0.231,3.6
CUST-0867,41,High,East,Online,27,46526.75,1.5,0.204,1.1
CUST-0868,26,High,East,Enterprise,16,30523.86,4.8,0.944,3.2
CUST-0869,30,High,South,SMB,36,11634.25,2.3,0.966,3.5
CUST-0870,39,High,South,Retail,16,1087.3,2.7,0.003,2.7
CUST-0871,35,Medium,West,SMB,24,36324.71,6.3,0.171,4.6
CUST-0872,27,Very High,Central,Retail,35,34980.42,0.3,0.889,2.3
CUST-0873,64,High,North,SMB,33,11848.04,9.4,0.038,1.3
CUST-0874,29,High,West,Online,17,16968.9,2.8,0.943,3.7
CUST-0875,69,Low,South,SMB,5,44953.31,2.7,0.38,3.4
CUST-0876,47,Medium,East,SMB,35,8283.05,8.6,0.539,5.0
CUST-0877,64,Low,West,Enterprise,19,41854.47,7.6,0.764,1.9
CUST-0878,63,Low,East,Online,43,8876.56,6.7,0.244,2.6
CUST-0879,36,Very High,Central,Online,47,24345.49,1.5,0.101,2.8
CUST-0880,36,High,East,Enterprise,34,25198.78,7.7,0.81,4.4
CUST-0881,27,High,North,Retail,32,23868.44,3.6,0.985,2.7
CUST-0882,18,Medium,Central,SMB,25,14752.51,9.9,0.659,4.1
CUST-0883,69,Low,East,Enterprise,22,13041.55,6.7,0.825,1.6
CUST-0884,24,High,West,Online,39,36791.16,8.4,0.941,2.6
CUST-0885,28,Very High,North,SMB,27,14146.01,7.3,0.229,1.6
CUST-0886,21,Low,North,SMB,33,30690.81,5.9,0.35,4.8
CUST-0887,53,Very High,South,Retail,8,42408.66,7.2,0.219,1.7
CUST-0888,38,Very High,South,Retail,30,41933.21,6.0,0.062,2.7
CUST-0889,39,Very High,West,SMB,48,8773.99,0.5,0.732,1.3
CUST-0890,27,High,South,SMB,26,32909.51,3.5,0.146,4.7
CUST-0891,40,Very High,East,SMB,15,30312.82,3.2,0.093,3.5
CUST-0892,22,Very High,South,Retail,36,14458.23,7.1,0.358,4.8
CUST-0893,65,High,North,Retail,45,19876.97,5.8,0.061,1.2
CUST-0894,29,High,West,Enterprise,12,14613.09,6.1,0.18,1.7
CUST-0895,47,High,East,Retail,41,27084.73,8.5,0.07,2.5
CUST-0896,50,Medium,North,Online,45,40279.56,5.3,0.877,3.5
CUST-0897,54,Low,North,Online,43,43936.42,2.2,0.78,2.3
CUST-0898,35,Low,Central,SMB,12,36279.77,0.1,0.86,3.8
CUST-0899,21,Medium,South,SMB,4,24430.79,1.6,0.868,1.7
CUST-0900,44,Medium,East,Retail,3,47925.72,0.3,0.945,3.4
CUST-0901,64,Medium,West,Online,37,28412.01,2.4,0.187,2.6
CUST-0902,40,High,West,Enterprise,38,24188.06,6.3,0.9,3.0
CUST-0903,23,Very High,West,Retail,32,42910.29,1.5,0.525,3.3
CUST-0904,24,High,Central,Retail,26,9638.85,0.8,0.166,1.2
CUST-0905,36,Very High,East,Online,4,8314.98,9.7,0.656,4.7
CUST-0906,63,Low,North,SMB,1,39235.85,10.0,0.327,4.1
CUST-0907,32,Very High,Central,SMB,5,43593.26,6.4,0.046,2.8
CUST-0908,65,Medium,South,Online,2,4102.35,1.1,0.079,3.2
CUST-0909,39,Low,North,Online,46,38322.26,8.2,0.424,1.1
CUST-0910,49,Very High,West,Enterprise,11,21510.86,5.4,0.826,3.0
CUST-0911,32,Medium,South,Online,9,35334.48,1.8,0.311,2.7
CUST-0912,23,Very High,East,SMB,8,7180.98,5.8,0.766,2.5
CUST-0913,23,Very High,East,Online,39,48664.13,0.4,0.056,4.3
CUST-0914,23,Very High,Central,Online,15,44123.37,9.7,0.394,1.7
CUST-0915,29,Low,East,Enterprise,9,20595.64,8.3,0.127,1.7
CUST-0916,19,Very High,West,Retail,42,44721.26,2.6,0.864,3.1
CUST-0917,42,Medium,Central,Enterprise,30,44798.82,4.2,0.968,3.7
CUST-0918,21,Very High,Central,Online,29,23332.02,4.0,0.326,1.1
CUST-0919,23,Medium,West,Retail,25,47370.83,8.6,0.989,3.2
CUST-0920,59,High,East,Online,22,48854.43,3.5,0.752,2.2
CUST-0921,68,Low,South,Retail,34,11252.03,0.5,0.001,4.0
CUST-0922,54,High,Central,Online,22,3800.0,2.1,0.485,2.9
CUST-0923,55,High,South,SMB,46,16891.91,2.2,0.834,4.3
CUST-0924,31,Low,South,Retail,30,24697.35,9.5,0.534,2.6
CUST-0925,64,High,South,Retail,10,5087.48,9.2,0.55,4.3
CUST-0926,36,Medium,South,Enterprise,5,7462.65,3.0,0.448,3.9
CUST-0927,68,Medium,West,SMB,5,48599.11,0.0,0.395,4.3
CUST-0928,24,Medium,North,SMB,2,36996.38,5.2,0.027,4.2
CUST-0929,35,Medium,East,SMB,30,43809.43,8.0,0.622,2.9
CUST-0930,61,High,North,Online,22,48572.15,2.7,0.767,2.5
CUST-0931,25,Low,North,Online,13,19218.15,4.4,0.79,4.1
CUST-0932,45,High,Central,Retail,39,34549.27,1.7,0.625,2.4
CUST-0933,38,Low,North,Online,25,9609.09,3.3,0.341,1.4
CUST-0934,52,Low,North,Online,27,27807.53,7.6,0.023,4.4
CUST-0935,64,High,West,Retail,47,10888.98,4.3,0.896,2.6
CUST-0936,27,High,South,Enterprise,27,8441.33,4.5,0.429,1.5
CUST-0937,45,Medium,North,Online,21,5372.96,7.9,0.601,3.6
CUST-0938,36,Low,North,SMB,31,29196.96,7.6,0.195,4.6
CUST-0939,61,Low,Central,SMB,15,47517.63,1.9,0.142,4.4
CUST-0940,52,Very High,East,Online,38,6549.98,4.2,0.087,3.2
CUST-0941,45,Low,Central,Online,39,25364.57,8.5,0.799,1.4
CUST-0942,63,Medium,East,Retail,36,34509.87,4.6,0.646,3.8
CUST-0943,66,Low,East,Online,36,25045.15,6.6,0.621,3.4
CUST-0944,20,Very High,East,Enterprise,1,45632.91,3.1,0.919,1.8
CUST-0945,56,Very High,West,Retail,11,8731.63,0.6,0.159,4.6
CUST-0946,44,Low,West,SMB,5,1696.08,1.6,0.17,1.3
CUST-0947,34,Medium,South,Retail,34,19464.35,4.0,0.189,2.5
CUST-0948,32,Very High,East,Online,37,27996.7,3.5,0.423,1.4
CUST-0949,69,Very High,West,Online,5,13098.1,9.0,0.874,4.6
CUST-0950,59,Very High,West,Enterprise,20,8837.46,5.5,0.881,1.1
CUST-0951,56,High,North,Enterprise,45,40339.47,6.3,0.591,2.7
CUST-0952,39,Medium,East,Retail,44,9834.47,6.9,0.658,4.4
CUST-0953,37,Medium,Central,SMB,42,22412.77,5.3,0.898,2.0
CUST-0954,44,High,North,Retail,13,47746.81,7.7,0.624,1.4
CUST-0955,52,Low,West,Retail,9,30828.89,7.8,0.23,1.5
CUST-0956,64,Very High,West,Enterprise,5,25137.31,3.5,0.705,2.6
CUST-0957,69,Very High,West,Retail,38,18332.39,0.8,0.77,2.7
CUST-0958,22,High,West,Enterprise,32,26259.08,9.9,0.635,3.9
CUST-0959,19,Low,Central,Enterprise,30,36848.2,6.4,0.274,2.0
CUST-0960,58,Medium,South,Retail,49,41215.1,7.1,0.4,3.8
CUST-0961,67,Low,South,Enterprise,28,32667.46,7.6,0.471,5.0
CUST-0962,62,Medium,East,Online,37,39620.69,6.1,0.145,4.5
CUST-0963,37,Very High,West,Online,28,4876.68,4.7,0.452,3.5
CUST-0964,24,Low,East,Retail,43,1211.54,9.8,0.161,4.8
CUST-0965,53,Medium,Central,SMB,6,36853.35,7.3,0.499,5.0
CUST-0966,25,Low,East,SMB,41,13454.35,8.5,0.051,3.3
CUST-0967,44,Low,South,Online,44,43945.07,4.4,0.949,2.1
CUST-0968,23,Low,South,Enterprise,29,27024.61,9.0,0.246,4.7
CUST-0969,41,High,South,SMB,4,24186.79,7.3,0.467,4.4
CUST-0970,53,Medium,East,SMB,18,38754.53,7.5,0.033,1.3
CUST-0971,22,Medium,West,Retail,15,37184.25,0.9,0.193,4.7
CUST-0972,37,Very High,North,Retail,25,35361.69,6.2,0.693,2.5
CUST-0973,37,Medium,South,SMB,4,34650.1,3.4,0.112,2.3
CUST-0974,58,Very High,East,SMB,14,26012.1,6.7,0.628,2.4
CUST-0975,57,High,North,Online,17,46360.54,5.7,0.002,2.3
CUST-0976,51,Very High,South,Retail,34,44586.75,1.1,0.465,3.1
CUST-0977,56,Very High,South,Retail,19,16805.54,5.3,0.721,3.3
CUST-0978,67,High,Central,SMB,29,40332.38,4.5,0.926,2.7
CUST-0979,27,High,South,Online,22,44609.87,7.8,0.493,2.7
CUST-0980,20,High,North,Enterprise,14,31103.62,5.0,0.841,3.9
CUST-0981,66,Low,North,Retail,36,28001.17,4.8,0.803,1.0
CUST-0982,51,Medium,West,Retail,2,33758.39,7.2,0.296,4.8
CUST-0983,52,Low,North,SMB,45,8571.5,6.7,0.875,3.9
CUST-0984,54,Very High,East,SMB,7,4823.51,9.9,0.64,3.8
CUST-0985,62,High,East,Enterprise,28,41097.44,3.5,0.104,2.7
CUST-0986,62,High,South,Retail,8,28879.65,6.9,0.939,4.9
CUST-0987,55,Low,West,Online,29,6563.82,1.7,0.177,1.0
CUST-0988,63,Very High,South,Online,10,21107.74,8.0,0.47,1.3
CUST-0989,40,Medium,West,SMB,21,15262.6,7.9,0.466,4.2
CUST-0990,54,Very High,Central,Online,35,43836.16,7.3,0.625,4.0
CUST-0991,38,High,West,Online,4,25607.4,1.2,0.665,2.1
CUST-0992,44,Very High,Central,SMB,21,29086.87,9.9,0.233,3.4
CUST-0993,18,Low,Central,Enterprise,38,12146.88,9.4,0.352,3.1
CUST-0994,26,Very High,South,Enterprise,25,40053.65,3.7,0.145,3.1
CUST-0995,20,Low,East,Retail,20,46540.01,5.8,0.126,3.4
CUST-0996,55,Very High,West,SMB,7,39728.47,8.9,0.825,5.0
CUST-0997,53,Very High,South,SMB,7,24896.53,4.9,0.751,4.9
CUST-0998,51,Low,Central,Retail,32,41836.9,6.0,0.443,4.9
CUST-0999,47,Low,Central,Online,32,9803.96,6.0,0.096,3.2
